{
  "src/lib/components/TreeView.react.js": {
    "description": "TreeView component for Dash",
    "displayName": "TreeView",
    "methods": [
      {
        "name": "renderTreeNode",
        "docblock": null,
        "modifiers": [],
        "params": [
          {
            "name": "nodeData",
            "type": null
          }
        ],
        "returns": null
      }
    ],
    "props": {
      "id": {
        "type": {
          "name": "string"
        },
        "required": false,
        "description": "The ID used to identify this component in Dash callbacks"
      },
      "checkable": {
        "type": {
          "name": "bool"
        },
        "required": false,
        "description": "Adds a Checkbox before the treeNodes (Default - false)",
        "defaultValue": {
          "value": "false",
          "computed": false
        }
      },
      "multiple": {
        "type": {
          "name": "bool"
        },
        "required": false,
        "description": "Allows selecting multiple treeNodes (Default - false)",
        "defaultValue": {
          "value": "true",
          "computed": false
        }
      },
      "data": {
        "type": {
          "name": "custom",
          "raw": "PropTreeNode"
        },
        "required": false,
        "description": "Tree data",
        "defaultValue": {
          "value": "{\n  title: 'Parent',\n  key: '0',\n  children: [{\n    title: 'Child',\n    key: '0-0',\n    children: [\n      { title: 'Subchild', key: '0-0-1' },\n      { title: 'Subchild', key: '0-0-2' },\n      { title: 'Subchild', key: '0-0-3' },\n    ],\n  }]\n}",
          "computed": false
        }
      },
      "checked": {
        "type": {
          "name": "arrayOf",
          "value": {
            "name": "string"
          }
        },
        "required": false,
        "description": "List of keys of checked nodes.",
        "defaultValue": {
          "value": "[]",
          "computed": false
        }
      },
      "selected": {
        "type": {
          "name": "arrayOf",
          "value": {
            "name": "string"
          }
        },
        "required": false,
        "description": "List of keys of selected nodes.",
        "defaultValue": {
          "value": "[]",
          "computed": false
        }
      },
      "expanded": {
        "type": {
          "name": "arrayOf",
          "value": {
            "name": "string"
          }
        },
        "required": false,
        "description": "List of keys of expanded nodes.",
        "defaultValue": {
          "value": "['0']",
          "computed": false
        }
      },
      "setProps": {
        "type": {
          "name": "func"
        },
        "required": false,
        "description": "Dash-assigned callback that should be called whenever any of the\nproperties change"
      }
    }
  }
}
